Quarter,Original,Negation,Symmetry,Transitive,Additive
2024 Q1,100.0,75.0,91.66666666666667,97.22222222222223,93.05555555555556
2024 Q2,100.0,73.61111111111111,97.22222222222223,97.22222222222223,97.22222222222223
2024 Q3,100.0,62.5,86.11111111111111,97.22222222222223,86.11111111111111
2024 Q4,100.0,93.93939393939394,95.45454545454545,89.39393939393939,84.84848484848484
2025 Q1,100.0,47.916666666666664,85.41666666666667,97.91666666666667,95.83333333333333
2025 Q2,100.0,71.21212121212122,81.81818181818181,95.45454545454545,86.36363636363636
2025 Q3,100.0,71.21212121212122,86.36363636363636,95.45454545454545,87.87878787878788
2025 Q4,100.0,91.66666666666667,87.5,95.83333333333333,91.66666666666667
